stamp,x,y,theta
1778594550.2141356,-0.33753952383995056,1.1884387731552124,-2.5990100866832346
1778594552.154732,-0.33625847574060286,1.1885544065893043,-2.594344811886255
1778594554.0829666,-0.3364230695628846,1.1898622659096494,-2.5913805900629105
1778594556.0252388,-0.33849057194742393,1.196526637103897,-2.5861917952230797
1778594556.674373,-0.33875082301864556,1.2043105548991144,-2.7327616616259442
1778594557.3131223,-0.33369432463627324,1.2004938645407015,-2.906400432661319
1778594557.9641483,-0.3321644057418188,1.196130266861969,-3.088583255146773
1778594558.6026702,-0.33156733581141906,1.194556269405456,3.0209973785982522
1778594559.2539852,-0.33241481011239554,1.197024799817352,2.8488279736622073
1778594559.9045806,-0.32875257372957684,1.1912429647377651,2.6692171299883682
1778594560.5434186,-0.32519785074805846,1.18938380998945,2.4986410115796263
1778594561.1945324,-0.322260167380876,1.1922288118276154,2.3288010211122363
1778594561.8338604,-0.31718385942104493,1.1816425643712698,2.1517618234848754
1778594562.4841747,-0.31175282311581326,1.175904443772208,1.9698301417410933
1778594563.1230655,-0.30720708725982526,1.1708296693579168,1.793937678805111
1778594563.7735898,-0.302286280218275,1.1656507832409941,1.6152358085396854
1778594564.4122665,-0.30013961448416543,1.1596137596651668,1.4422658596373577
1778594565.063313,-0.30144708300435175,1.159482041214089,1.2694848655985764
1778594565.714212,-0.305406086647997,1.1646899359997425,1.1050390353487365
1778594566.3530595,-0.31077275189269693,1.167214525870948,0.943349329650226
1778594567.00374,-0.3162709635707084,1.1688062788862081,0.7786033270846862
1778594567.6425188,-0.3203646779217791,1.169604583605235,0.6127168964944539
1778594568.293828,-0.32231507247576585,1.1706483886261883,0.4456274973612546
1778594568.9320567,-0.3239351022262064,1.1733940519883446,0.27810625915823356
1778594569.583271,-0.3323692153368291,1.1732299094025875,0.10665876714829417
1778594570.2339296,-0.33062818198124244,1.1734898936988571,-0.06464676237514108
1778594570.872749,-0.3346814800132396,1.1752571689236255,-0.23160099104058893
1778594571.5239885,-0.3372442693968729,1.1769074941419249,-0.40213344662920897
1778594572.1630154,-0.3396460168229804,1.177530268236021,-0.5714363154944974
1778594572.8135428,-0.341072079915962,1.178355218826869,-0.7434952120165401
1778594573.4525013,-0.34154844616015406,1.179066136771959,-0.9122216093938373
1778594574.1027658,-0.3421506059142849,1.179822317827466,-1.083673244416358
1778594574.741823,-0.34189672261944715,1.1807671356768485,-1.251062848750006
1778594575.3928084,-0.3415124220945233,1.1816677246196081,-1.4232133352387917
1778594576.0311737,-0.3412463809291482,1.1834640192827532,-1.589417918918923
1778594576.682496,-0.3402824654785044,1.1841534777627245,-1.7611346349273596
1778594577.33317,-0.33982538016172953,1.1852246838193912,-1.9326846811228602
1778594577.9717617,-0.3396234290301077,1.1861589906016665,-2.1039291935049547
1778594578.6230543,-0.338886153967351,1.1868567000162347,-2.2731987587477525
1778594579.2616594,-0.3373587873195476,1.186039817044995,-2.4415159090148495
1778594579.9124687,-0.33429747455812514,1.1836636749880178,-2.6103092216091333
1778594580.5537121,-0.33324065378039114,1.18744687362181,-2.7783757742180906
1778594581.2019823,-0.33061547293324506,1.1875381853451552,-2.947717005511199
1778594581.840539,-0.33130652870794336,1.1902687641411447,-3.1239593526432983
1778594582.4919078,-0.3304042954930534,1.190289802954259,2.987608435722387
1778594583.130287,-0.32882774849599194,1.1880598941958185,2.8154413666261267
1778594583.7812483,-0.32738694033980104,1.1824553151861927,2.6412566191322076
1778594584.4233072,-0.3273003064622251,1.1746004308508338,2.4668796758589764
1778594585.0708969,-0.3195641176966748,1.1764849824804045,2.2892585382878723
1778594585.7094746,-0.3136372873715197,1.1737329400084953,2.1131497112895667
1778594586.360485,-0.3091749569696568,1.17047331413653,1.934792618960605
1778594586.9991894,-0.30664004869258643,1.16785433523332,1.761852427953723
1778594587.5151665,-0.3049522400657368,1.1656843919798106,1.6252391848866716
1778594588.203935,-0.30531578326310665,1.1653460370985358,1.4444692223958246
1778594588.9397185,-0.30801618510623824,1.1671665901257977,1.2618819652859958
1778594589.5788374,-0.3102272562518764,1.1698572814680561,1.0922088539985524
1778594590.22943,-0.31524238175405345,1.1719872341426465,0.9248549724941867
1778594592.170027,-0.2888608777448745,1.2076385021378575,0.8100695877802387
1778594594.233314,-0.24671349657519026,1.2478710783889733,0.81164095226969
1778594596.161988,-0.2063290142245742,1.288721884658592,0.8075249964472588
1778594598.102118,-0.16704413330619602,1.3275634466349797,0.8054620033184914
1778594600.0304132,-0.1384847435457216,1.3596528775874908,0.9373121947815702
1778594601.614868,-0.12336161914795121,1.382581212522675,1.0932985528600974
1778594602.9908571,-0.11414567748816211,1.396830618247089,1.2860946938956948
1778594604.9311237,-0.09967046454801835,1.4441450042722932,1.3302737473045796
1778594606.8717365,-0.09148872868648998,1.4938525227950685,1.325765218587671
1778594608.7999992,-0.07623194917184753,1.5552868729038842,1.3242733473516906
1778594610.8513756,-0.06083336791664898,1.6218850353490704,1.3263841984740028
1778594612.7918036,-0.05180949615246591,1.6843522490925114,1.3212347243961595
1778594614.843074,-0.05159297610314713,1.7369809131941418,1.4111049969675515
1778594616.1323204,-0.052417682565838744,1.7680018759982292,1.5808992282237575
1778594617.4344926,-0.05109391910331661,1.7859012282541769,1.7505555329274811
1778594618.7239635,-0.05719616860246071,1.807019473709344,1.9224085437221061
1778594620.652741,-0.07762731865334094,1.854851933726761,1.9633722686648127
1778594622.6557531,-0.10239681937394692,1.9101043611628075,1.9685923714629276
1778594624.6564345,-0.12548387971866012,1.9665871986079175,1.9661222651998906
1778594626.5967622,-0.14638002272622858,2.015009692764268,1.961811651258127
1778594628.5251372,-0.16521509810188234,2.0669683168575266,1.965229126398138
1778594630.4656568,-0.18226773616494923,2.116318937361801,1.9747595521689822
1778594632.394058,-0.20059199239362366,2.165304044178877,1.974889386396535
1778594634.334705,-0.21944180851747777,2.212171039739108,1.9730050166347481
1778594636.2755244,-0.23549827921350372,2.2499881037668903,2.1027476554671676
1778594638.3388302,-0.2637567663789528,2.2969987783714783,2.097400923292433
1778594640.2798212,-0.2918914487729814,2.3454433099436964,2.093607559296512
1778594642.343072,-0.32044114933405965,2.3971528342033297,2.091645790991754
1778594644.284182,-0.34859532756024336,2.44805391935467,2.0958401117045016
1778594646.2237816,-0.37930791166716504,2.499495501409226,2.0972311261708674
1778594648.164551,-0.4116857444280494,2.549847028333492,2.099303895909616
1778594650.105491,-0.4451164277763094,2.5957274562760975,2.096623718166299
1778594652.0460632,-0.47481444880701645,2.642573672066974,2.0961003859697716
1778594653.986127,-0.505386463462251,2.693342845989947,2.0951327736450205
1778594655.9267304,-0.5342600886498372,2.7467776965704953,2.0952533514233713
1778594657.8671494,-0.5613002915873181,2.8006535142502287,2.096217080070423
1778594659.9307215,-0.5893570142751631,2.8596209847389806,2.0981975213337956
1778594661.8717363,-0.6172566395589206,2.9169263782891504,2.1035752734983717
1778594663.8121274,-0.6475508392891652,2.9735695206035717,2.107309284134093
1778594665.8759692,-0.68064463447854,3.028596124188826,2.1038100965085453
1778594667.8164134,-0.7132900384008147,3.07821153279342,2.0970694482329395
1778594669.879368,-0.7461755362838094,3.1314933761401607,2.0959083790923145
1778594671.9430254,-0.7781803848565163,3.184396323938328,2.0951288003618456
1778594673.884487,-0.8093745908224257,3.2380717193077477,2.0960069857950097
1778594675.812337,-0.8389540138124678,3.2910191817373375,2.096797638879893
1778594677.7521758,-0.8695335168594038,3.342631883993519,2.097570144116477
1778594679.6807923,-0.8989611374487528,3.392921639437793,2.0972544131656985
1778594681.6209996,-0.9272060819194222,3.4385252439438903,2.1018238473877813
1778594683.6843784,-0.9515264854280513,3.483619276746977,2.0988550113914792
1778594685.4898899,-0.9512668873760904,3.4814001854364243,2.240292919319168
1778594686.1415653,-0.9484283597928936,3.476118123217885,2.4153498898688537
1778594686.7917728,-0.9439670029413377,3.472514356256748,2.5886707972231844
1778594687.4303756,-0.941895366440429,3.4722368421935776,2.759568301102009
1778594688.081451,-0.9365291354581649,3.469608286434045,2.9342706314029185
1778594688.7201006,-0.9393200663182337,3.4661817931533005,3.1034290129828093
1778594689.3719158,-0.9453013517824318,3.4673230892304634,-3.0141336028637475
1778594690.0218565,-0.9427238548910991,3.463620608455459,-2.843411353031093
1778594690.6607401,-0.942347466421557,3.458193211465788,-2.67388892896821
1778594691.3121803,-0.9442899281844372,3.4528609406682693,-2.509496013956755
1778594691.9502532,-0.9532524509519529,3.451037309734804,-2.339812846074262
1778594692.601246,-0.9613290117046026,3.4520272718169953,-2.159912348777639
1778594694.5422716,-0.9552841904658322,3.4646613350446414,-2.2894412355021325
1778594695.1807797,-0.9505975389101532,3.473301797841585,-2.4504392676520723
1778594695.8316479,-0.9463823687747704,3.481113654073644,-2.6219901667553307
1778594697.7723212,-0.9500142982180686,3.484461269384011,-2.7220442005923142
1778594699.8378866,-1.00507861332796,3.4625657101198932,-2.7251384902176787
1778594701.7765667,-1.0544074833070742,3.4429321985899177,-2.812830783931098
1778594703.8397727,-1.1155085363977062,3.4336358876755892,-2.871946980616316
1778594705.779955,-1.1794231103283372,3.423279359858838,-2.8684781177969114
1778594707.70827,-1.2417008649935353,3.4103834067792356,-2.871265074385882
1778594709.6371684,-1.301808688999103,3.3962909818417866,-2.871969533430362
1778594711.5780816,-1.3563171383897072,3.382136279434714,-2.878619421219917
1778594713.6414049,-1.4139465302954208,3.364422608949896,-2.88360464610091
1778594715.581085,-1.4680941948252564,3.3473691998162938,-2.879979608765911
1778594717.6448362,-1.5205599811958772,3.3240187859082955,-2.8729946352024722
1778594719.585286,-1.556732833624126,3.307913767455842,-2.715142854407221
1778594721.5258975,-1.6027785486520332,3.2907954634743963,-2.709848219237406
1778594723.5891972,-1.6476650445378802,3.274826841265179,-2.707088916233793
1778594725.5175045,-1.679485850221253,3.26357237014313,-2.6991646572904138
1778594727.5807822,-1.7092713167667772,3.251659556790294,-2.6169485314168432
1778594729.5214272,-1.7521685236339206,3.226380210499157,-2.6150687231423877
1778594731.573116,-1.805363973561546,3.1971411505503897,-2.6079560343142925
1778594733.6484382,-1.861727665395716,3.1635681439509518,-2.60652640575296
1778594735.5766366,-1.918214473427109,3.1281332579097643,-2.6121974807547645
1778594737.5171726,-1.977816897356914,3.0879276022427646,-2.620022631332738
1778594739.5804431,-2.05673862006876,3.035214410350009,-2.6417833115159
1778594741.5209136,-2.116428989428604,3.004388763875167,-2.63582207548747
1778594743.5850427,-2.1714189405033695,2.970298878720375,-2.6334349937969144
1778594745.5256815,-2.2074536390313884,2.951534038279624,-2.6270867353652503
1778594747.5887983,-2.239808396508777,2.933301970930179,-2.6164203441379374
1778594749.5298252,-2.284737782361922,2.8998519115238066,-2.6204213007993924
1778594751.5926185,-2.331581130032335,2.8700293566347335,-2.6241728625643908
1778594753.5333662,-2.4052997513157814,2.8512094512784985,-2.632385418804692
1778594754.9455457,-2.4249570265903113,2.860436120932444,-2.4895518793360987
1778594755.597795,-2.440396736226702,2.862252782520052,-2.3238273918776504
1778594756.2357526,-2.4516891182643668,2.8651534996390247,-2.158294128235174
1778594756.886192,-2.458811285289568,2.866723899772707,-1.9843643314031236
1778594757.5378032,-2.458692463240548,2.8688867204575947,-1.8032506978456417
1778594758.1757562,-2.4537120156954093,2.867971227070376,-1.6201048917296879
1778594758.8276048,-2.4519796631912687,2.8642393554392247,-1.4438540664276331
1778594759.4660158,-2.4462791958235126,2.8579919562768428,-1.2738432302556972
1778594760.1162827,-2.4410858309181678,2.85294725297398,-1.1081651242908426
1778594760.7553155,-2.431466348787027,2.852145586150755,-0.9454082202665325
1778594761.405893,-2.419311687185629,2.8539081436770206,-0.7720688866503059
1778594762.0445232,-2.4056829912148494,2.856124046093745,-0.5954150878714236
1778594763.9727874,-2.3660122319965557,2.8453607449252396,-0.42881181684071734
1778594766.0484836,-2.3094066896979197,2.8256942539175505,-0.35762422311384645
1778594767.9768906,-2.2529771004910035,2.80426417422037,-0.35700060124459254
1778594769.9053063,-2.1999558250731774,2.778941532451535,-0.3559479191351919
1778594771.8458333,-2.151631239396188,2.7522986609533464,-0.3589372315141983
1778594773.7863054,-2.108443424037327,2.7237976463105515,-0.36422402002269505
1778594775.7145255,-2.0695210200809107,2.694001819504743,-0.3681608690252537
1778594777.6553998,-2.0275638060874837,2.6664053400814973,-0.37236823973711236
1778594779.7188659,-1.975487834322958,2.6386884511798336,-0.3742723026564898
1778594781.6605968,-1.9247340601306868,2.612152965571834,-0.37870604653849993
1778594783.464931,-1.8975998373146736,2.5901488243674278,-0.5539434462429307
1778594784.8897731,-1.8798652928925328,2.572895595516173,-0.7348373470238878
1778594786.1791813,-1.866937209427728,2.555725702571303,-0.906159964829153
1778594788.2422364,-1.834353962473762,2.5114909283848257,-0.9733415728909108
1778594790.1832662,-1.8064235593383653,2.4667307106032537,-0.9737197632148715
1778594792.1241555,-1.779327827303091,2.4233996446269574,-0.9687511975009487
1778594794.1872685,-1.7496577874674226,2.3754839087333086,-0.9654006222922298
1778594796.127695,-1.722137986262538,2.3300923633641473,-0.9599773931046984
1778594798.1914144,-1.692046026470496,2.2876822079894925,-0.9436642772499856
1778594800.1322927,-1.6639532246245796,2.241387504662649,-0.9362246588173945
1778594801.5572367,-1.6588171705575478,2.2209167968519865,-1.097623298606314
1778594803.4847298,-1.6495490502008114,2.156104534584914,-1.0797071710146189
1778594805.4254153,-1.6159077013299985,2.1175403499452194,-1.0868893177997585
1778594807.4893377,-1.577202642857588,2.069982632667283,-1.0946664046278796
1778594809.4297109,-1.54760586174992,2.0170734522454272,-1.093864731098011
1778594811.369679,-1.5129549827805764,1.961417694222157,-1.094230346442253
1778594813.433189,-1.4741761038099452,1.8951570071294959,-1.1111130568935823
1778594815.3737757,-1.4443921835152054,1.8374634479388168,-1.113809216869823
1778594817.4371576,-1.419559856385541,1.7733369676725128,-1.1159378757291623
1778594819.3657815,-1.4011548717644275,1.7055782678444387,-1.1168896501591876
1778594821.305912,-1.3775109557377192,1.650002550125931,-1.1168714248862108
1778594823.2342105,-1.3531124831423136,1.5956419276317366,-1.115214964652151
1778594825.297693,-1.32998974578764,1.5369554800412215,-1.1141305474809702
1778594827.2385027,-1.308880926804925,1.484875783826838,-1.1171515668757457
1778594829.301792,-1.2917772610125586,1.4324114568003516,-1.1269619510209283
1778594831.2422585,-1.2721693938880263,1.3836482680784654,-1.1349694496578098
1778594833.1705084,-1.2542220238826565,1.3352399564204729,-1.148348687989091
1778594835.111307,-1.2314059389423535,1.2897275905184635,-1.1470277139009097
1778594837.0525727,-1.215733565885516,1.252408816870037,-1.1407640861000063
1778594838.9802654,-1.2141791730412048,1.2565659670666982,-1.1374394544560924
1778594840.9208992,-1.2098437021052844,1.2589846149882695,-1.1319793813564911
1778594842.9861248,-1.1847510187925532,1.21433746257386,-1.1307270945504233
1778594844.9252,-1.1566448369112643,1.1687780815555944,-1.1259274195066638
1778594846.9884038,-1.1207398189397417,1.1224089231892396,-1.1208506447278193
1778594848.9286058,-1.0877626896914119,1.0732139595235697,-1.1258876362421746
1778594850.2187564,-1.067793901888877,1.0212011200298114,-1.2900145757643684
1778594851.5080276,-1.0528574337291923,0.9713630810497177,-1.4639543097859804
1778594852.7974012,-1.0466037274395565,0.9156182348806036,-1.6335866663330163
1778594854.0874872,-1.0511759921645096,0.8545812819408526,-1.8107142375403047
1778594855.3644664,-1.0676144952225772,0.798561003097642,-1.9886478911751315
1778594856.655115,-1.0948724378855148,0.7451614416280145,-2.1681523663716735
1778594857.9438639,-1.1300637094523642,0.695507424475089,-2.3479425773182263
1778594859.2332335,-1.1692492408072073,0.6553202952075945,-2.5314596872306967
1778594861.161576,-1.2316566142493428,0.6101247300901531,-2.7062665599294236
1778594863.1023,-1.2836870153296656,0.5805945887178481,-2.711561436981414
1778594865.0305653,-1.3357438364419518,0.55376106129131,-2.7127658828807197
1778594867.0823326,-1.3928002985008514,0.5261161402046046,-2.7144848286822114
1778594869.1460083,-1.4517368046954868,0.4994187454941754,-2.7161411232901513
1778594871.073633,-1.505885599910366,0.4761460357692498,-2.720307984386582
1778594873.1369915,-1.5525624735540644,0.45819952511351886,-2.7162551695697994
1778594875.0777385,-1.5927448896473686,0.444162926464411,-2.711074779411642
1778594877.140949,-1.6379042461092592,0.4263900071088744,-2.7023222028619833
1778594879.081766,-1.6864885621594197,0.4060474825098106,-2.6943774899584207
1778594881.1324573,-1.7408458064549568,0.3844113718070267,-2.687022369968761
1778594883.0732956,-1.7954346644322503,0.3607272533488733,-2.733863863448831
1778594884.3625944,-1.8485499298588994,0.3477800470314935,-2.913348435855648
1778594885.653305,-1.9117998578957864,0.3393065052248408,-3.0905254658815164
1778594887.3226864,-1.973247468014803,0.3377197688826118,3.012449010778917
1778594887.9736538,-1.985449108706096,0.33146527105847434,2.8400564079788206
1778594888.6137486,-1.9941976307520484,0.3260810316212757,2.6680211388693023
1778594889.2631538,-1.9892797649735294,0.3233393923868719,2.4924801450941003
1778594889.914667,-1.9900680184958315,0.31518300189306303,2.3231070731466605
1778594890.5535388,-1.9931665787638615,0.3123619280922199,2.158396406823305
1778594891.2040625,-1.9980414503970287,0.309749637020415,1.9882229741600699
1778594891.8437748,-1.998583216282291,0.30954061909146185,1.812661452017951
1778594892.493538,-2.0008667508868996,0.3108792924205894,1.633810816361631
1778594893.1322336,-2.0000983155188266,0.3077425277190877,1.4562388319295867
1778594893.78343,-2.002671161022102,0.3057038054654548,1.2777620030739658
1778594894.4218373,-2.0011235880940124,0.30744142482747827,1.1046015817038595
1778594895.0732784,-2.001843785256353,0.3040771928483891,0.92961625604132
1778594895.7119186,-2.002073775954358,0.2994920163846006,0.7580914466328806
1778594896.3512573,-2.003586250019903,0.2967985804831214,0.5855989101695431
1778594897.0011992,-2.0049259997437425,0.2964176340788662,0.41518074800522814
1778594897.639759,-2.005410010845234,0.29871489022028425,0.2447521134930647
1778594898.2905507,-2.0048758619534706,0.30246503215445253,0.07311837422026014
1778594900.219495,-2.0006931441922533,0.30713549326778106,0.04649211992846207
1778594900.8577306,-1.9940946029050637,0.3107883275179198,0.21982819294342354
1778594902.7982125,-1.958089241250752,0.32198577949497337,0.3629375546560657
1778594904.7266169,-1.9001277298352082,0.34342409285088965,0.3627525552847503
1778594906.7898266,-1.8367797262487588,0.3675722813783397,0.36736514490509176
1778594908.7307663,-1.7746007770780934,0.3915793345515647,0.36575940626744174
1778594910.7939172,-1.7120228112798657,0.41359965573539165,0.36081764064810806
1778594912.7350464,-1.6558970833355728,0.43272223759571954,0.35477528875111297
1778594914.6628492,-1.6078709094302672,0.4469954211285381,0.3487850195768852
1778594916.7260938,-1.5595217607320393,0.4591728148571882,0.34206361747491654
1778594918.667243,-1.5155811534563368,0.47257758498397023,0.3376791645585797
1778594920.5951114,-1.4784192733376509,0.4952895110764591,0.3486499761223268
1778594922.2780619,-1.4602754764267014,0.5076204846578022,0.5187820277630647
1778594924.3415995,-1.4121957954590318,0.5324709595843257,0.5533250113223814
1778594926.3923144,-1.3591403643336357,0.5647033748851589,0.5509506649347539
1778594928.3334236,-1.3086661953210426,0.5974288354676514,0.5471205278158061
1778594930.3963583,-1.2561810521649603,0.6328708821702076,0.5437165618731853
1778594932.32447,-1.2061155805953467,0.6675947254943483,0.542438919130207
1778594934.3880095,-1.1579227009391257,0.7095397932159457,0.5458355857730148
1778594936.3163583,-1.1254898479458175,0.7410796164905257,0.715992194541082
1778594937.7288508,-1.1104269170141003,0.7506708466121971,0.8895892458487529
1778594939.0183196,-1.0997845619030737,0.7648444955441542,1.0531035765782595
1778594940.4310603,-1.0928389927047835,0.7841753850511541,1.2335201901889468
1778594941.7204678,-1.0901562766260997,0.8029247291361439,1.3984940247067397
1778594943.1331427,-1.0921478238034859,0.823973521741821,1.5769461432968563
1778594944.4226146,-1.099098115157698,0.8494710007301416,1.7454525254691189
1778594946.3632925,-1.1109781684193138,0.9043877495116205,1.896495109382378
1778594948.2913625,-1.1338389788848329,0.9622660912261105,1.8945493112491878
1778594950.2322378,-1.155174406938197,1.0055510644359051,1.8938896552815334
1778594952.2952633,-1.1806716520992393,1.055743248229082,1.8882033993547456
1778594954.223684,-1.2057153660153441,1.0990882557051112,1.878210217372953
1778594956.2870443,-1.2273971501007896,1.1426422727663366,1.8689349372299415
1778594958.227843,-1.2437078902569223,1.181717130648318,1.8618726780940291
1778594960.2910335,-1.2592966865129123,1.226073192792207,1.8528767409721405
1778594962.2193422,-1.2724867365725783,1.2723078787432607,1.8478427192041889
1778594964.2952368,-1.2870446503722952,1.3263485198844684,1.8477827562617364
1778594966.223249,-1.299753966891712,1.3824419492988296,1.8515723776273227
1778594968.2868834,-1.3070542022436644,1.4320183494251473,1.856830742259929
1778594970.2278771,-1.3180001432328299,1.4844153088491658,1.862353610846485
1778594972.290791,-1.3298088104491983,1.5396127571200282,1.8633214681910377
1778594974.218929,-1.3443201483939238,1.5951545708002646,1.8665744972307827
1778594976.2822933,-1.3618722345473917,1.6544731873049061,1.865490218742954
1778594977.5724828,-1.3660598251101608,1.6627052365341097,2.023117272195373
1778594978.2230706,-1.3678443757610308,1.6642464987465981,2.1959226019300955
1778594978.861832,-1.367808302860545,1.6667887097069802,2.3658731144182132
1778594979.512614,-1.3652401674420411,1.6596507794983302,2.5383900221996547
1778594980.1642246,-1.367121821624256,1.6616897967686646,2.71063356847025
1778594980.8028052,-1.3685281162172072,1.6662581487062362,2.877718552681905
1778594981.45313,-1.3688568209321008,1.6650253724497657,3.0513370540140157
1778594982.0923314,-1.3711983884624244,1.6631407402660432,-3.0624621300582837
1778594982.7429025,-1.3704314473577244,1.6632852324187397,-2.889599381077878
1778594983.3814092,-1.3710033004926367,1.6660792450525717,-2.7235528598799865
1778594984.0337446,-1.3749338625085101,1.6668235748672124,-2.5554747187830733
1778594984.6718857,-1.3780616881925736,1.6668876289223777,-2.3864102224964334
1778594985.322111,-1.3743167819704276,1.6715425068990837,-2.2159281804181017
1778594985.972955,-1.3710478381631823,1.6740425069170832,-2.046051229532568
1778594986.611725,-1.3709525526123352,1.6692906209377236,-1.8746840219841718
1778594987.2643163,-1.3729977589968627,1.6711417268587854,-1.705774084538405
1778594987.9020634,-1.3734250246920323,1.6722120362777193,-1.5400201021955588
1778594988.5522215,-1.3745144444277988,1.6724477006459693,-1.3709385731324657
1778594989.2038794,-1.3772493377854544,1.6727525218278139,-1.1990560061810582
1778594989.8420084,-1.3775717644273275,1.674640003691715,-1.0335567477204595
1778594990.4931061,-1.3774515207910436,1.6752781598899371,-0.8637258207483826
1778594991.1320446,-1.3750934133889199,1.6735682009107637,-0.6924607319036601
1778594991.7824504,-1.3735038988801775,1.6755883064420494,-0.5178809040543022
1778594992.4213045,-1.3770367052381907,1.6762897310929916,-0.34891916968488557
1778594993.0722718,-1.3755311695340837,1.6730905966655456,-0.17823471881472033
1778594993.710763,-1.3691341326377893,1.6703480983511452,-0.012874021619846365
1778594994.362966,-1.3694080741221868,1.6657773331732242,0.15635588502165015
1778594995.0006363,-1.3702266963280645,1.6653023131269524,0.3242114241258967
1778594995.6513941,-1.369243871530074,1.6643020219783682,0.4922545252487401
1778594996.3025334,-1.3677054828582391,1.663735734543628,0.661764593277272
1778594996.941347,-1.3654171701538342,1.661991257644931,0.8299161709775873
1778594997.592197,-1.3620091315773175,1.657966956733067,0.9983447440044497
1778594998.231069,-1.3601257447795259,1.6548560939910741,1.1662960509803926
1778594998.881546,-1.358623653880682,1.6533578742719985,1.335147892821665
1778594999.5327582,-1.3625110461744303,1.6567910577321912,1.5096282395991631
1778595000.171207,-1.3674944983628985,1.659160931116334,1.6836368074661223
1778595000.8223157,-1.3729284266318862,1.6596768662462666,1.859163976630451
1778595001.4633384,-1.3753926604522784,1.6628074114977445,2.027430817495222
1778595002.1118693,-1.3781463274258083,1.6633856605794206,2.2018003566551703
1778595002.7634258,-1.3791286883865108,1.6610261561401545,2.3756095449229035
1778595003.4017992,-1.3739742047336274,1.6556966287182557,2.544167074345915
1778595004.0524204,-1.373646986951416,1.6591053558016424,2.713029881355862
1778595004.691319,-1.3750544152262552,1.6642822330628932,2.8815013430048424
1778595005.3420255,-1.3779589004662651,1.6675891237085663,3.05262125592105
1778595005.9805624,-1.3872716625841945,1.6725096724821262,-3.0634439279715675
1778595007.9214127,-1.4273903315634697,1.6803039736100316,-3.028170422702116
1778595009.9976275,-1.480072705631262,1.6788336206180343,-3.0245433841128975
1778595011.9257932,-1.5286184497833049,1.6741106307606297,-3.023450766151738
1778595013.8660684,-1.5814262479040928,1.6701489894220323,-3.0242922798423733
1778595015.9301004,-1.6391005826784275,1.6669934109240094,-3.023801219580807
1778595017.8700175,-1.6968277908690739,1.662933365737055,-3.021677030523279
1778595019.934061,-1.7566818647023348,1.65934212900384,-3.021743370800046
1778595021.8737042,-1.8144359635459697,1.6578586057091251,-3.0219767617641558
1778595023.9371138,-1.874956240863861,1.6544581881296965,-3.017342690947833
1778595025.8673017,-1.9299966981182677,1.6504572831768831,-3.0153699867100774
1778595027.9309947,-1.9846692713531475,1.646868933302689,-3.023531107471014
1778595029.8697803,-2.037389471308899,1.6422155270397436,-3.0274892049706326
1778595031.933047,-2.0945432090639122,1.6379074661212443,-3.034041063568227
1778595033.9968872,-2.1528093856297983,1.6342944886789788,-3.044604890721276
1778595035.2861717,-2.172852283227717,1.634360817549842,3.0707840593098013
1778595037.2144003,-2.226726791715405,1.6382320090286175,3.0426597747597097
1778595039.1554701,-2.279052898236683,1.6410260199777338,3.0384978022380396
1778595040.7027557,-2.2784100786888892,1.641060464343752,-3.097377730525467
1778595041.3534126,-2.275545368260344,1.6410752325007558,-2.929491727101374
1778595041.9924855,-2.27151396710909,1.6433950338669594,-2.7613428096299635
1778595042.6430643,-2.272927547226317,1.6419892262296958,-2.589835005443535
1778595043.2817292,-2.2764829070112627,1.6408397441246416,-2.419640412607157
1778595043.9328158,-2.278665541636257,1.641270595060901,-2.247977370694749
1778595044.5712557,-2.283158309210341,1.6380791206554273,-2.0789974861028253
1778595045.2229574,-2.2918035220249706,1.6324068363199589,-1.9035056307883103
1778595045.8614347,-2.296046808477667,1.63052989837436,-1.7373829179906752
1778595046.512184,-2.3027929113379217,1.6279941249087044,-1.5695965379476489
1778595047.1506824,-2.300379117039791,1.6267233698160288,-1.3988268792536729
1778595047.8013868,-2.3049107141822556,1.6202981694188061,-1.2286351528371453
1778595048.4401412,-2.30284769600499,1.6136560243503058,-1.0571883246002514
1778595049.0916016,-2.3061249825806702,1.6129738246335732,-0.8855463944430485
1778595049.7303426,-2.303289609279472,1.6166932845168995,-0.7118119818227373
1778595050.3806615,-2.293456425802127,1.6211980120138727,-0.5467989350772181
1778595051.019955,-2.300292019537825,1.6205415441377864,-0.36760379878010496
1778595051.6703613,-2.3010357298201116,1.6211778210102576,-0.19347866335675393
1778595052.3090062,-2.2982907689357357,1.6244715079879113,-0.02375199527075725
1778595052.960113,-2.2937146079104664,1.6273096906847506,0.14748339564544155
1778595053.5987015,-2.2890241978898525,1.629784908541571,0.3124689706641261
1778595054.249873,-2.2835674619035045,1.6322565803016449,0.4800148841562497
1778595054.8887448,-2.284582270672936,1.6353191638796014,0.6458266768516702
1778595055.5392914,-2.2864465543475845,1.6374011784110143,0.8153676496224369
1778595056.1780791,-2.2876806335372852,1.632634545584364,0.9833588037830309
1778595056.8295062,-2.283858326491645,1.635049498798724,1.1531877818483798
1778595057.4676044,-2.2797858801865956,1.636141909518267,1.3184456622737384
1778595058.1189575,-2.2783011403358087,1.637120335461905,1.4838432125680296
1778595058.757518,-2.2759618919246174,1.6380599595305825,1.651194278631549
1778595059.4079835,-2.276051536361995,1.639255199528621,1.822435325876131
1778595060.0468805,-2.2767614153260527,1.639255589521538,1.9937552498325792
1778595060.6980422,-2.277516307036046,1.6387835960184738,2.167147136923934
1778595061.3363147,-2.2795133101418967,1.637533327418716,2.3386891413089086
1778595061.9877045,-2.2821353396818367,1.6347113848888972,2.5145164863913703
1778595062.6267707,-2.287324222411201,1.6302375188914082,2.68890600391368
1778595063.2771394,-2.2987876500286855,1.62509702986905,2.8684196870180885
1778595065.3404672,-2.335268509672312,1.6273988919343196,3.0150213267336725
1778595067.3919673,-2.3970316888390757,1.6314431300930667,3.0114202112586153
1778595069.3321433,-2.4580991526042286,1.6369856840240975,3.012347982988366
1778595071.272585,-2.519241681414885,1.6438021715908948,3.0081317797951383
1778595073.33601,-2.58050753636059,1.6535794417462832,3.0102867220791474
1778595075.2643414,-2.6363939403839276,1.66316544567378,3.011831062402675
1778595077.3282564,-2.6923395682889475,1.6734602865976653,3.0115291575632277
1778595079.268508,-2.742215561227041,1.6821506668241437,3.0091130738333676
1778595080.6933305,-2.762036839944707,1.685821617214937,-3.112013343034063
1778595081.983469,-2.7791275668970843,1.6822670235358885,-2.9507229465413602
1778595083.3952062,-2.791605580153138,1.6790348387158498,-2.7670581049515763
1778595084.820407,-2.8116307012010444,1.6660259463566993,-2.5869556320139453
1778595086.7484236,-2.852093359908113,1.6508536024549372,-2.4550527880058404
1778595088.6890404,-2.8963595275376077,1.620632283560873,-2.458679789593227
1778595090.629307,-2.942139371698671,1.588100483504308,-2.4584951082622135
1778595092.5579932,-2.9841947741222503,1.5524708804512528,-2.4618129000519895
1778595094.498344,-3.0277089676050553,1.5138651381537707,-2.4616895210680374
1778595096.4388707,-3.0681865689428216,1.4784709064544423,-2.4635398274158704
1778595098.3671725,-3.1021159483206318,1.4495027064732753,-2.4650607020974893
1778595100.4304523,-3.1446028988271295,1.4091917890644703,-2.4688343034688365
1778595102.4939396,-3.19098344142561,1.3656540319788166,-2.466013829076649
1778595104.4224916,-3.223286988984572,1.3382349324211686,-2.3368764863101523
1778595105.7244003,-3.2348210291687614,1.3201285273657484,-2.174929147206992
1778595107.1366653,-3.255134232403712,1.304094036080102,-1.9952373322343175
1778595108.4262466,-3.2686087213767068,1.2839598741230362,-1.8277536880805934
1778595109.716434,-3.2779486904805437,1.260698331433919,-1.666202205719525
1778595111.1412244,-3.2830782232954046,1.232756403628217,-1.4887394406934573
1778595112.442802,-3.2893397971042044,1.2156510766361492,-1.299021333423157
1778595114.371057,-3.283515744003129,1.1688770405113127,-1.1197076783899649
1778595116.447377,-3.255296584334158,1.1183821321822895,-1.1342377385918836
1778595118.3751144,-3.2300536509585673,1.0616624824403587,-1.1340603594065246
1778595120.3160505,-3.20125605955523,1.0120214768162636,-1.1191760884050415
1778595122.3791654,-3.1623854064193853,0.9702745970121206,-1.130981991980672
1778595124.3199067,-3.130422242712513,0.9226442535900169,-1.1407569626992329
1778595126.3842006,-3.10393928860016,0.8898345841437153,-0.9943271354325074
1778595127.6723874,-3.0874949621544188,0.8808168963310194,-0.8323608192369838
1778595129.7484531,-3.0627951822749067,0.8364415775123224,-0.6770375661319404
1778595131.677169,-3.0248025625270034,0.8062187956730482,-0.7228789830071309
1778595132.9661655,-3.0136223552811185,0.7927026824710869,-0.8821662263608959
1778595134.3908536,-3.0028543468806097,0.7756246148728848,-1.0627231383906983
1778595135.6808994,-2.995281359002824,0.7603923484596092,-1.2283506397944366
1778595137.7440474,-2.980780270199692,0.7200997964323607,-1.3619807305394174
1778595139.68479,-2.965184208171887,0.6659106225357416,-1.364557238041895
1778595141.612948,-2.9548868800138446,0.6348217047972634,-1.3642679415193706
1778595143.6884296,-2.954333664553531,0.633381827827808,-1.3660806923252036
1778595145.617599,-2.9525055630058374,0.621971648587061,-1.367260544861742
1778595147.680729,-2.9421639394469934,0.5612446444425244,-1.3661051896265064
1778595149.6206672,-2.9337020615061102,0.5041464235256294,-1.3588551542635963
1778595151.6840887,-2.9272515532537646,0.4449583577851825,-1.3549625063221593
1778595153.6247058,-2.9236607894105346,0.3867384282646956,-1.3493898793647974
1778595155.6880915,-2.9158195664101285,0.3348987866209524,-1.3958196479547438
1778595156.9777951,-2.9151114423713307,0.3198735103512712,-1.5535883088455142
1778595158.2678692,-2.9175727700420806,0.2999391269084773,-1.7206274568543656
1778595160.211349,-2.9257486134974267,0.2476919989520629,-1.8147529694676878
1778595162.1483634,-2.942821013804026,0.18701966362338693,-1.8176257474323512
1778595164.0891168,-2.9577115839573787,0.12971198394955885,-1.8199843539853617
1778595166.0295389,-2.9684360606816873,0.0739904839229242,-1.825238423942323
1778595168.0928981,-2.9787651895414773,0.01546861531042313,-1.834173966757825
1778595170.0211728,-2.987663443719256,-0.036610356899121115,-1.8240620008180304
1778595171.311439,-2.9865848367001617,-0.05082864627591272,-1.6639970062619114
1778595172.6012163,-2.9851614618369138,-0.06881786583900933,-1.4964452410273987
1778595173.8901808,-2.981555849143391,-0.08922053714414233,-1.3267861864363295
1778595175.1921275,-2.9751588918951906,-0.10971800136432851,-1.15292930126081
1778595176.4820168,-2.9631558504325377,-0.1279672414619822,-0.9788751391449045
1778595177.7717445,-2.9488798535135925,-0.14105095953289995,-0.8014442137426374
1778595179.0609972,-2.9360154959368328,-0.1549212283047348,-0.6342133312510231
1778595180.3505418,-2.9190190805746115,-0.16257584618546678,-0.4678564278940445
1778595182.1559966,-2.9151350925088404,-0.15703141572228424,-0.30542394048142996
1778595182.7950642,-2.909831953287268,-0.1513030406796439,-0.14036716463149576
1778595183.4463747,-2.9093460841294294,-0.14964661617197175,0.02701870006072684
1778595184.0844598,-2.909137299122518,-0.14921983264952055,0.19586834098707065
1778595184.737213,-2.9186167494078252,-0.15914752426563167,0.3767518480379169
1778595185.3743064,-2.92204092416322,-0.16391351370136406,0.5512454222942695
1778595186.0254226,-2.923440812490005,-0.1653094409876636,0.7293086176279775
1778595186.6765537,-2.9247132856474005,-0.16455107325470036,0.9069012562775409
1778595187.314653,-2.9269607351456592,-0.16547498630995003,1.0820007966535556
1778595187.9655452,-2.929984175460458,-0.16706588862763389,1.259988451237462
1778595188.6046422,-2.9295040762933326,-0.16668508001578478,1.4333748236832393
1778595189.2550588,-2.9285710305201915,-0.16875079049615416,1.6100781959494535
1778595189.893967,-2.927748065534567,-0.17101466796473952,1.779889050569078
1778595190.5452437,-2.9271520926577304,-0.1730671996658771,1.9538734092602834
1778595191.1834006,-2.9267527605256634,-0.17410709108379102,2.1198907144618566
1778595191.8360398,-2.924980191268747,-0.17403584630465035,2.2876151961721254
1778595192.4852684,-2.9222211465476513,-0.17221659155499736,2.4531354540978683
1778595193.1241553,-2.9189972134793534,-0.17047467614384204,2.619544605564542
1778595193.7753057,-2.9167175028963803,-0.16910392765120988,2.788930107262047
1778595194.4136393,-2.9171670651227344,-0.1670039605500632,2.952799349412593
1778595195.0647533,-2.918506122384249,-0.16285597985667036,3.117567172183623
1778595197.0054355,-2.9476943059489202,-0.16346311370153357,-3.041582421855112
1778595198.946143,-2.9864477466876735,-0.16997448492895442,-2.925408827453852
1778595200.358379,-3.003438568049457,-0.17662288385208977,-2.7498181544644504
1778595201.7829323,-3.0158414733665384,-0.18110774830752907,-2.575619605474649
1778595203.0731862,-3.0243063193162687,-0.18726285707837664,-2.41036110006502
1778595204.4973447,-3.041716583454133,-0.20069112875461945,-2.2330349881029834
1778595206.4259403,-3.0676443855637094,-0.23709374416108692,-2.12785966236877
1778595208.502745,-3.095657425589996,-0.2881257198415411,-2.1313802613771204
1778595210.4296799,-3.124698316872925,-0.3389557853329389,-2.136864805790248
1778595212.493349,-3.155550989016137,-0.380910068536645,-2.1333061314665387
1778595214.434038,-3.197724213584067,-0.41463744625692,-2.1627430940200933
1778595215.8460796,-3.2133949454002817,-0.41344664594442776,-2.3421590348822563
1778595217.271701,-3.2284529010585445,-0.43880723127030863,-2.5203422656863883
1778595218.6831443,-3.2428826366633823,-0.45668305911815427,-2.7003361816448033
1778595219.9734766,-3.261207396915972,-0.4668265161991624,-2.8633060400592063
1778595221.2625375,-3.281942436626602,-0.4741332238198192,-3.022969384209767
1778595222.5647345,-3.3043892621088515,-0.4780833037562876,3.0988322105809063
1778595223.9767442,-3.3268340298409576,-0.47613680561808547,2.9205790165198304
1778595225.2669523,-3.347210014340447,-0.46824747949115236,2.753894171377454
1778595226.6911929,-3.3715651478091355,-0.4573277100520828,2.5728367822548805
1778595228.632378,-3.4188978215929255,-0.43236941233361637,2.5494627774779444
1778595230.69578,-3.4604968731350616,-0.4043370590851375,2.546729832546358
1778595232.6368015,-3.5028247878130276,-0.3759594923929481,2.547321091249847
1778595234.6994333,-3.562825423331202,-0.3465672455402201,2.545920690250504
1778595236.6397007,-3.6149413718600956,-0.3169067341827167,2.5456831144725762
1778595238.5805037,-3.6646251749904133,-0.2879910421286284,2.545829548965685
1778595240.643922,-3.717084543157818,-0.2499333626661155,2.5413991642478932
1778595242.5842247,-3.758164526426195,-0.22196144963323003,2.6230169276788233
1778595243.8739855,-3.7727644524096804,-0.21139081242407629,2.7814720499300876
1778595245.1643085,-3.789483755540643,-0.20477516978455482,2.9421472049238764
1778595246.5885305,-3.808758979522873,-0.2004405741762662,3.121722808341688
1778595247.8779066,-3.8278606722218305,-0.198822209069898,-2.993249212477902
1778595249.1800468,-3.847808924008448,-0.19895689577112458,-2.8270761713285864
1778595250.6047783,-3.8660393696376225,-0.19283712468861022,-2.6457165019148348
1778595252.5451403,-3.9073913541544067,-0.1916851443469932,-2.6076563001249196
1778595254.473586,-3.945972995294175,-0.2127987295999298,-2.60977163203206
1778595256.414158,-3.989521973100487,-0.23962596687504692,-2.612548468181908
1778595258.3545673,-4.029885421407968,-0.27202530553318,-2.609231109571434
1778595260.2955976,-4.056935199522909,-0.3029831150257875,-2.516319455998628
1778595262.2362914,-4.105669233496533,-0.32612501024898366,-2.44986343104833
1778595264.1646566,-4.150904397709353,-0.3595844061814973,-2.44966814279358
1778595266.2397203,-4.202337676181921,-0.3964367795966382,-2.4496786761742535
1778595268.1682653,-4.2539717528018315,-0.43588536493549007,-2.4498651084833796
1778595270.243756,-4.3091832836732875,-0.47807035238837015,-2.4449921080233015
1778595272.1844356,-4.350952904458472,-0.50036449316261,-2.275354647976538
1778595273.8549974,-4.371527434786562,-0.5171315389366989,-2.1088382676329194
1778595274.5056028,-4.377551667081454,-0.5153303096768004,-1.9312166163082447
1778595275.1569595,-4.379427109463422,-0.521344959308942,-1.7591103867268798
1778595275.7954676,-4.378421797332604,-0.5329589046804042,-1.5927449158054006
1778595276.4462051,-4.374632240612446,-0.547845092575937,-1.4267356824579662
1778595277.085244,-4.375443524186289,-0.5606298779902146,-1.2574259098581266
1778595277.736,-4.377248283790443,-0.5668667875050107,-1.0922222997937816
1778595278.387467,-4.373443578523386,-0.5711930211385862,-0.9221520432235704
1778595279.0256922,-4.371952803724983,-0.5751509659506505,-0.7542492407900938
1778595279.676472,-4.374445719578723,-0.577524882694044,-0.595340354172078
1778595280.3152487,-4.366393257959033,-0.5705232719672257,-0.4353368332131332
1778595280.9661438,-4.3612392328476455,-0.5742307758680548,-0.2559036719187284
1778595281.6172185,-4.3638207687811725,-0.5722382082375339,-0.07905062846007004
1778595282.2563758,-4.361547979558782,-0.5667801723829559,0.09341233395945744
1778595282.9066823,-4.359432486972633,-0.5551810082609194,0.267317965324658
1778595283.5454662,-4.353810233194625,-0.5425986007560998,0.43623911069872545
1778595284.1969008,-4.34645130583443,-0.5347292328366049,0.6062527986059764
1778595284.8354838,-4.337304357980642,-0.5325720136716692,0.7743507986986057
1778595285.4861536,-4.328788918868333,-0.5309202301299389,0.9497572888341783
1778595286.1250422,-4.3220737986713225,-0.5275216064018265,1.118282809152304
1778595286.7754939,-4.323363646532418,-0.5250938082264482,1.2915728506327155
1778595287.4145918,-4.3257867403152455,-0.5235218668464626,1.4647792130954957
1778595289.3579173,-4.327609490756817,-0.49971619378138893,1.6081710172139314
1778595291.2958295,-4.334911448389994,-0.4428891764875714,1.6115480822973995
1778595293.2360752,-4.342107303618817,-0.3863429125047054,1.610088235628482
1778595295.2994525,-4.346892439161402,-0.3395124537755325,1.6890830179705738
1778595297.2398548,-4.348502492850756,-0.2802970351296761,1.7079263441470771
1778595299.1808255,-4.350714565552586,-0.21865063561184347,1.709673541299093
1778595301.244119,-4.355198131208343,-0.15574709465943787,1.7094512412318852
1778595303.184766,-4.35970137596736,-0.09776097649175294,1.7058734446219856
1778595305.1130455,-4.364334960602562,-0.061429311972446936,1.8763203860054096
1778595307.1761835,-4.378694174334159,-0.018377208909030354,1.9970770687298733
1778595309.1171236,-4.393693289340031,0.03274451699000171,1.9838285628348893
1778595310.5416522,-4.40209930853218,0.054389346645190004,1.8034929975285003
1778595311.8311546,-4.405952980948452,0.0716395274356117,1.6356192020326548
1778595313.1214175,-4.412674596321957,0.0883122443788,1.4573048517510152
1778595314.5456474,-4.409745905146443,0.10948693344638714,1.2721370908536167
1778595316.4867134,-4.391617141887797,0.15593089021738427,1.2050564796946919
1778595318.4273427,-4.373127264649781,0.20766428404698328,1.2009237221838611
1778595320.355353,-4.353608758565513,0.2592345785497929,1.1923268111117846
1778595322.2957757,-4.34062562361573,0.30011638398745555,1.1242913749881338
1778595323.7207544,-4.334771881742907,0.31271200582469794,0.9417411653088803
1778595325.661303,-4.333840774255465,0.31644210901936765,0.9213193574409767
1778595327.5893476,-4.3037929589854516,0.3523862486188325,0.9156094945560309
1778595329.5298562,-4.272260522640477,0.39188745841858436,0.9160600992274888
1778595331.4706016,-4.236901093281256,0.42840046183454833,0.9148758444215888
1778595333.5462396,-4.195581179723304,0.4709340637643383,0.9120896590313781
1778595335.4749856,-4.16122420904089,0.5117247084057764,0.9115347915867983
1778595337.5506973,-4.121719787229724,0.5644356618276309,0.9121157541044916
1778595339.4914155,-4.081297249367096,0.6173240539795993,0.9143258840833112
1778595341.2963097,-4.050028766156788,0.6647336054404377,1.0887738736467725
1778595342.5859518,-4.025117448007589,0.7049243503714772,1.261520934234615
1778595343.8756275,-4.012373560573419,0.7320934252370925,1.4353030887319909
1778595345.3001795,-4.009535467360576,0.7536187872262226,1.6249695297381208
1778595346.590347,-4.009893693193928,0.7742523665699668,1.7960354566238341
1778595348.0150807,-4.017468725555121,0.7949589552135216,1.974947501604656
1778595349.4270518,-4.033825349637366,0.8126423970456176,2.157619476866953
1778595350.7288299,-4.059569598535983,0.8254427920023063,2.3273447719045923
1778595352.792256,-4.105435258449847,0.8463041448979717,2.480081015527942
1778595354.732771,-4.153676960375149,0.8736458191539151,2.520599092343432
1778595356.796125,-4.1990590195358095,0.9058772643587525,2.4850202563991144
1778595358.0863936,-4.2124952650174405,0.9171427426077884,2.3172449417939593
1778595359.3881614,-4.22318242289284,0.9327509480185434,2.1485921744685776
1778595361.3284283,-4.251737766979381,0.9767917686213324,2.1151599044167333
1778595363.3918502,-4.28517042928815,1.0232724264476047,2.118689556208427
1778595365.332436,-4.315897580585283,1.0644147862165616,2.116674994279342
1778595367.273136,-4.346101838725921,1.1055530731497196,2.1161199425187025
1778595369.2141643,-4.375392680011657,1.148505050327129,2.1226999718617314
1778595371.1541638,-4.400038170253534,1.1974098451431723,2.1165823322557134
1778595373.0944924,-4.421880733029799,1.2480318992026231,2.1082307219328995
1778595375.0352163,-4.448719324398568,1.297359149738448,2.1076311082225416
1778595376.3247561,-4.455466309631226,1.3167425314935843,1.940575652152167
1778595377.614876,-4.459498669954537,1.3382569719805524,1.765185460754672
1778595379.0395057,-4.462448264781221,1.3572908420277483,1.5815406196418726
1778595380.3413754,-4.460631243660685,1.3748838695641996,1.4158275997855654
1778595381.6306186,-4.456433970116209,1.3963714226473845,1.2514031454929484
1778595382.920424,-4.450613829754231,1.4180604687796174,1.0944021111863043
1778595384.2105048,-4.44109284431084,1.4383100377262528,0.9355902654970578
1778595385.6353798,-4.4286644939046385,1.4612405847237067,0.758746546843307
1778595386.92423,-4.414187178700981,1.4765019639551538,0.5962828883978568
1778595388.9878182,-4.380419142359469,1.5038369281761925,0.5422439216165446
1778595391.0520709,-4.344371875990204,1.5309943603241716,0.5429245233088291
1778595392.979856,-4.306350306985394,1.554625038599675,0.5458880618287613
1778595395.0432577,-4.271621366793554,1.5766811609233042,0.5503590918285348
1778595396.9836674,-4.237077643913585,1.5948652506242254,0.5497895607775181
1778595398.912099,-4.19593489186706,1.6167126169419905,0.5460447446580513
1778595400.8523066,-4.152378818620715,1.642296628268352,0.5515223358424456
1778595402.7806206,-4.107436540601703,1.670538545057066,0.5516492642945265
1778595404.721211,-4.061932361280185,1.6972338092869488,0.5525426865157314
1778595406.7846754,-4.012377914661947,1.7259268372920333,0.5509829431938693
1778595408.7135482,-3.962702734675868,1.754119146548639,0.5482763416672338
1778595410.6534774,-3.904055658493026,1.7886026003958122,0.5509043997877506
1778595412.5939188,-3.8437521942627537,1.8210166089669764,0.5410288639174938
1778595414.5222664,-3.7860285601516135,1.8400815868353204,0.48726212225422033
1778595415.9471247,-3.7492051557131267,1.8502638898054933,0.30266334089196395
1778595417.236885,-3.729348953241614,1.8574047898602024,0.13566407108621367
1778595418.5264266,-3.717056912104885,1.8623334842649335,-0.024135667805347896
1778595419.9510024,-3.704445169595271,1.862388464766824,-0.19811710439271513
1778595421.2413523,-3.6890769446393263,1.8571723353719114,-0.36425013116597643
1778595422.5303617,-3.6731048463811873,1.8473551514047506,-0.5274723205626284
1778595423.8201065,-3.6599289537333473,1.8359803941483437,-0.693392553731656
1778595425.1099179,-3.6492944570841175,1.8244702396209773,-0.8535571621454091
1778595426.5346293,-3.6333639076570323,1.8053472546069376,-1.0312611336130861
1778595427.9470541,-3.619642731834995,1.7882207018784793,-1.202961585433505
1778595429.2240648,-3.6112259678137684,1.7736379590700042,-1.362308525112895
1778595430.6369174,-3.6074955328103253,1.7530572661309947,-1.537597970307799
1778595432.0490558,-3.6132592973281303,1.7298119980795215,-1.7187091587995267
1778595433.3389943,-3.6193211378404886,1.7119502499536319,-1.882319795657569
1778595434.6284323,-3.62929810794364,1.6955637782172495,-2.044039164046867
1778595436.0409408,-3.644120278999841,1.6822934127899285,-2.220684247934429
1778595437.3305442,-3.664245178425802,1.6798210324715483,-2.3739706966526297
1778595438.7434456,-3.6869866310284682,1.6738519223271948,-2.5444998957206506
1778595440.0328152,-3.7077573033948235,1.6623925925331455,-2.703513849218557
1778595441.4451818,-3.729295455953694,1.6498466420026785,-2.8797927853995113
1778595442.7347376,-3.7486809443277593,1.6391276090489904,-3.0471056791360676
1778595444.798158,-3.7913920038451896,1.632553632251232,3.0886893332412293
1778595446.7263334,-3.8060340563177086,1.6304163031266172,3.0868608475123507
1778595448.7898624,-3.805042079467514,1.6292994067773494,3.084224339224109
1778595450.853022,-3.8417432337181867,1.6312535492967692,3.084137061831838
1778595452.793939,-3.9007992944147976,1.6344444078983484,3.082721925273322
1778595454.7218397,-3.9581954501500016,1.6388396978871265,3.084037294335996
1778595456.7851918,-4.017943497843903,1.6443858433159237,3.082887932401441
1778595458.8487766,-4.077470972952575,1.6498093763720525,3.0810284712913116
1778595460.7771142,-4.1325817063376915,1.655298057812358,3.0779508334658443
1778595462.58261,-4.170289520145161,1.6572843338679968,-3.039484670267408
1778595464.4006243,-4.184318452951749,1.6553308928839863,-2.87517797325308
1778595465.0396547,-4.184131739872954,1.6565542632285346,-2.702326173981321
1778595465.8127575,-4.185406649189044,1.6570327209594402,-2.5322849201168776
1778595467.753458,-4.2100945507198455,1.6355769569376526,-2.3786989750356975
1778595469.6816287,-4.242747153518687,1.6020355948084608,-2.3810572293254064
1778595471.7449753,-4.275468776513262,1.566869186681793,-2.382291959830596
1778595473.6854653,-4.303979667546693,1.534240948555576,-2.385864460143732
1778595475.7488642,-4.334079704476853,1.4968130659092624,-2.393947005531634
1778595477.677321,-4.362297502687512,1.459283608914212,-2.404261824797461
1778595479.7407954,-4.394072767126189,1.4186115329749849,-2.3604229005267654
1778595481.0311806,-4.404855703055821,1.3992170868094815,-2.205381159705913
1778595482.442697,-4.415083297495638,1.3775287424799658,-2.035066823800138
1778595483.7329123,-4.421920396942284,1.3584119239395849,-1.8721582591774821
1778595485.022092,-4.425714468841374,1.3401252805878232,-1.7074087992844336
1778595486.4467716,-4.424597851460414,1.3216284178640025,-1.5235538115017615
1778595487.8597724,-4.422516267339172,1.3026302680945618,-1.337995207653957
1778595489.8000176,-4.418863250014508,1.2703061161730747,-1.162117816168074
1778595491.7322047,-4.401796909035974,1.2153213457921945,-1.1549987433668498
1778595493.7917957,-4.3827504861946025,1.163464873440692,-1.1570649937454336
1778595495.7324038,-4.360609886967446,1.1113384732050848,-1.1577243721856123
1778595497.7833402,-4.334922548459119,1.054625075329711,-1.1614142481524385
1778595499.8466258,-4.3092898424809984,0.998881948320552,-1.164111042057809
1778595501.774915,-4.2852693439812946,0.9466371262253976,-1.1678300539114062
1778595503.7154665,-4.264276985166228,0.901707191887114,-1.1657254267885895
1778595505.7786582,-4.241631695509942,0.8471552648577093,-1.1630223754906888
1778595507.8301811,-4.219066492710671,0.7866646096747418,-1.163047606406833
1778595509.7704575,-4.1987191705840425,0.7244760397051885,-1.1960424588890726
1778595511.1832817,-4.185943082370911,0.7038422307735535,-1.379216895482699
1778595512.5960262,-4.185465653667567,0.6765592344662145,-1.5649171708865846
1778595514.0206394,-4.1872218286428335,0.6551423568144171,-1.746997498220625
1778595515.4332297,-4.195436431765206,0.6318819280479121,-1.9287956434353422
1778595516.7348855,-4.202985991664371,0.6150932768944436,-2.0929463309265346
1778595518.1470373,-4.215322829502011,0.5982603456592738,-2.270978469592812
1778595519.4366865,-4.228658105368958,0.5858192863872945,-2.4379162259236784
1778595521.500717,-4.269074872802606,0.5579330418511086,-2.52602232482422
1778595523.4406788,-4.316707958534444,0.5285692358122589,-2.521222087958029
1778595525.492204,-4.3683712720343895,0.4980349952092294,-2.5201632484118828
1778595527.4329402,-4.41547643844672,0.4702481012820208,-2.519904554487164
1778595529.4960806,-4.462444149966557,0.4405784455941543,-2.520786201201192
1778595531.4244473,-4.501295806624858,0.41481495995042217,-2.520940959371396
1778595533.4997575,-4.543634878116801,0.385140780525546,-2.521998040671984
1778595535.4281797,-4.581951363046103,0.3586429172753971,-2.522640440355488
1778595537.4919796,-4.627074825889465,0.33046717917626706,-2.520472456606745
1778595539.4326084,-4.67569298406281,0.29763909191286775,-2.5154882575177937
1778595541.3726368,-4.724214623725072,0.26485004753171365,-2.5132193198971247
1778595543.4360151,-4.77429674822404,0.2258145223463348,-2.5100911850047987
1778595545.4994652,-4.824826452570635,0.187658668125225,-2.5080324953617836
1778595547.4281058,-4.872645001069163,0.15222878740245865,-2.507541891525552
1778595549.4914048,-4.925037547470995,0.11327492152532025,-2.506913804248407
1778595551.4319978,-4.973747113203008,0.07653127746175716,-2.5050190062502367
1778595553.3605342,-5.022902668596127,0.03855212091142411,-2.5038488516709365
1778595555.2890968,-5.073030208436308,-0.0003059600704958682,-2.5045827412318515
1778595557.3522282,-5.119405230422098,-0.039340356681358865,-2.5006070316152913
1778595559.280252,-5.146297479188759,-0.07469685168893178,-2.464941332949842
1778595560.5694816,-5.156212381331592,-0.08994012662616165,-2.291143761434578
1778595561.859887,-5.162006065687777,-0.10028190316788692,-2.10930418190196
1778595563.2843804,-5.170658610182088,-0.11871291300747779,-1.9309537884198864
1778595564.6966398,-5.176038538089873,-0.13779361153313774,-1.7502134149783277
1778595565.9865122,-5.1846825430138415,-0.16507879644104215,-1.5956482061585016
1778595567.7918956,-5.1910464961768845,-0.20237821964468092,-1.4218627680240727
1778595569.7201226,-5.188042221497489,-0.2575724225592319,-1.4236259943398581
1778595571.783457,-5.1880273869448885,-0.32340254368379645,-1.4272013965006873
1778595573.846829,-5.18550072328846,-0.3838046324391626,-1.4266543919589139
1778595575.7876768,-5.180186608481409,-0.4426441115015499,-1.4222943530724133
1778595577.8512764,-5.172879997059631,-0.5042116174455983,-1.4199760775588595
1778595579.7916927,-5.165519452947183,-0.5617128148220272,-1.418162475454823
1778595581.84239,-5.157433456913286,-0.6210665538266041,-1.4176722845033054
1778595583.7833874,-5.147657215856628,-0.6764546071031381,-1.4197417043896285
1778595585.8466847,-5.132397087803322,-0.7283395405151729,-1.372832298658492
1778595587.7756422,-5.125028527444773,-0.7704664691281737,-1.2429009181969881
1778595589.7157822,-5.107587601441683,-0.8244968393163489,-1.2425368069258151
1778595591.6440785,-5.079188444565598,-0.8795008272848801,-1.237081890052239
1778595593.5842419,-5.049199223617978,-0.9328358916279506,-1.2300468942242202
1778595595.6477988,-5.02153713469255,-0.9894374351723814,-1.2301763212117216
1778595597.5886536,-4.995044512313159,-1.0310837763621035,-1.1545450696602573
1778595599.5166576,-4.975456329267878,-1.071883256524793,-0.980807466682684
1778595601.4578085,-4.934243218278918,-1.1284904939128628,-0.9888779404637533
1778595603.3862035,-4.9016469353704215,-1.173223978874513,-0.9903551014576996
1778595605.3258104,-4.8716539809767045,-1.211379454173184,-0.9947179763691789
1778595607.3896306,-4.8317144966061685,-1.2589792857317736,-0.9946326579005897
1778595609.3178785,-4.804021453403345,-1.296631764144599,-1.0869774757709365
1778595610.7423382,-4.797027679777775,-1.312077067861077,-1.2658478271468327
1778595612.155,-4.796831754685799,-1.330977976268792,-1.445856380569761
1778595613.4449005,-4.803513333009967,-1.3502167327074097,-1.619619930911774
1778595614.7339551,-4.823756097779906,-1.370358915231281,-1.7952756723594094
1778595616.0237222,-4.848900512053451,-1.3937843337893225,-1.9700454434146326
1778595617.313638,-4.877686539603304,-1.4159314752641612,-2.1410860247044994
1778595619.2416728,-4.904890572943868,-1.4665137223494695,-2.2576676349237306
1778595621.1825156,-4.9344208098892945,-1.5063312867345504,-2.257476956434594
1778595623.2461143,-4.959119126529697,-1.5388734942451154,-2.259139910099045
1778595625.1741586,-4.998567546640761,-1.5800022952543495,-2.2574933861763227
1778595627.1149833,-5.035457799880237,-1.6166881159476207,-2.258238347996606
1778595629.043429,-5.071269006758992,-1.648619954551433,-2.2547568348032243
1778595631.1064289,-5.095700939301874,-1.6714540328877918,-2.3034306095153276
1778595631.6220284,-5.093042268132254,-1.664144090827142,-2.439916114710078
1778595632.273404,-5.0909529472669615,-1.6674434600746484,-2.603327130738527
1778595632.9119537,-5.087560837951802,-1.6758331971130007,-2.767027864908178
1778595633.5624983,-5.080977235916534,-1.68284779776568,-2.9346789639099304
1778595634.201161,-5.072912548666363,-1.6901971177523176,-3.1027440568416482
1778595634.8522403,-5.064660886492541,-1.6981590625724807,3.008669633310943
1778595635.49076,-5.05603544167927,-1.7059976352774515,2.8338149019293413
1778595636.1424365,-5.04764639800488,-1.7130985143718462,2.656917934461746
1778595636.780862,-5.04269931892607,-1.715397768601662,2.4864692307989475
1778595637.4313722,-5.034821498435498,-1.7134875333241928,2.361643202307417
1778595638.0706332,-5.033483821410672,-1.7095494229270551,2.1431345146512224
1778595638.7210882,-5.034577742543036,-1.7122539119904325,1.973782484539021
1778595639.3597946,-5.035287767470601,-1.7125834271656855,1.8048611767340559
1778595639.998392,-5.0372175590285,-1.7134148515293308,1.634059460742013
1778595640.6497777,-5.0421303752369475,-1.7147265819182615,1.4556504569463846
1778595641.2880757,-5.050535047658915,-1.7152893741494215,1.2814161225854321
1778595641.939286,-5.066846223446205,-1.7193148893187822,1.1011142392076418
1778595642.577873,-5.085938149352037,-1.719189852203926,0.9215385980339701
1778595643.2287297,-5.129990342900556,-1.7058395040222536,0.7371621620644077
1778595643.8674705,-5.120021595518969,-1.726417606282293,0.5800521285721748
1778595644.518606,-5.10820602769035,-1.7457400167131047,0.4390882551385022
1778595645.1569695,-5.1010596270646005,-1.735009772460833,0.2642622507147635
1778595645.8088162,-5.100728686080943,-1.7161615318620942,0.08749878422436692
1778595646.9622858,-5.094845384824103,-1.7095893583628927,0.24703025924560174
1778595647.6142585,-5.09321769139144,-1.6943984833269474,0.4102569580638314
1778595648.2520545,-5.091445315424445,-1.6833291992478403,0.5821235345830338
1778595648.9033928,-5.09315486165787,-1.6800355162699565,0.7584265005587948
1778595649.5421977,-5.090202146226771,-1.680184321867168,0.9267403405451862
1778595650.1807888,-5.084233188616623,-1.6848900427431783,1.0971580794725801
1778595650.8312473,-5.07566039682861,-1.6915735595872454,1.2727362120151018
1778595651.4704158,-5.068686854527633,-1.698320534209702,1.4419591783114403
1778595652.1208942,-5.062116035065919,-1.7050965521239478,1.6122941995601034
1778595652.7595935,-5.057335247247505,-1.711872057021134,1.7828100362650123
1778595653.3988163,-5.055739385889273,-1.7187335167584976,1.9541646044065553
1778595654.049649,-5.050938459126998,-1.7263924670563273,2.1300284603383632
1778595655.854571,-5.0448613997495055,-1.720823728697795,1.9687560845055256
1778595656.4933486,-5.042028360350349,-1.7190463293627833,1.8016088265249048
1778595657.1455936,-5.039977230014638,-1.7180394641678016,1.6310468594350789
1778595657.782894,-5.03968927150327,-1.7168580133532352,1.459648872856745
1778595658.4342673,-5.042115260602321,-1.7161941897416968,1.284696910907057
1778595659.0734563,-5.0449649422039,-1.7219625997394303,1.1096750090854386
1778595659.723639,-5.05065223945012,-1.7307450460484524,0.9272214353351264
1778595661.787017,-5.028575351134196,-1.6917048777392274,0.8634104284257667
1778595663.715637,-5.004769653312791,-1.6415871960615998,0.8488241491261557
1778595665.655866,-4.969303580648466,-1.5957383829777874,0.8410110574908363
1778595667.5842173,-4.9309443817423535,-1.5523331987662374,0.8383953539333643
1778595669.5130868,-4.9007541355254975,-1.5122905050891693,0.835013415804979
1778595671.4529927,-4.899567965975854,-1.4766031390079515,0.873360692008905
1778595672.8659267,-4.884578267197362,-1.4562301560096975,1.0515797995671372
1778595674.2904332,-4.876305045662985,-1.4281780664840868,1.2348491926723844
1778595676.3421764,-4.843682752227556,-1.3889530978042595,1.4002093229584032
1778595677.6311176,-4.823614840830428,-1.3680574384412192,1.5700867267673495
1778595679.0557168,-4.81171515270952,-1.3459224037748256,1.7524666800983102
1778595680.3455257,-4.807992957291938,-1.3258239412086463,1.9256610855354248
1778595682.3964095,-4.821855152586127,-1.285845454929247,2.04613854584791
1778595684.3248057,-4.846862873929144,-1.2389035575337863,2.046132014483677
1778595686.3881662,-4.871697209802812,-1.1949552930680065,1.9802030542484332
1778595688.3163235,-4.8882736431141005,-1.1599652183632783,1.8579172835664828
1778595690.2572165,-4.907945627041218,-1.1068337403710544,1.8546340526034053
1778595692.1853728,-4.927990805138577,-1.0509155884736374,1.8554460620955435
1778595694.2488196,-4.951159959608267,-0.9907920105912996,1.8548780357311432
1778595696.178055,-4.973101219889006,-0.9355489241423386,1.8533725612656862
1778595698.2408257,-4.997535656245448,-0.8770884804175507,1.849910797236218
1778595700.3043272,-5.015458692736165,-0.8340587075552105,1.7042322134444947
1778595702.2341053,-5.024641399968468,-0.7862180180336522,1.6213524104851709
1778595704.29589,-5.030705448627408,-0.7262067139857604,1.6186885966449815
1778595706.2238638,-5.035383937343998,-0.6699937769777352,1.6165550293547704
1778595708.165557,-5.0396005115685,-0.6139536100097446,1.6137009523425294
1778595710.0928795,-5.043787109601698,-0.5726378867771661,1.7424275619040817
1778595711.3822713,-5.049272461591291,-0.5534080156130046,1.9063776965929675
1778595712.67256,-5.057746933766819,-0.5354849104604462,2.0711786285819005
1778595714.0844638,-5.067105649447272,-0.5176355528836912,2.248202121045652
1778595716.0251434,-5.092675970609933,-0.48782403697977483,2.3964095952520355
1778595718.0761604,-5.134504769739723,-0.44566775206620907,2.3918548133005433
1778595720.13952,-5.176457430743515,-0.40343665806375584,2.391826190465711
1778595722.0799484,-5.214672869552629,-0.3630085871523646,2.385843824081449
1778595724.1435325,-5.2529009576982375,-0.3186148956396261,2.3860023528794243
1778595726.1949093,-5.287296970165637,-0.2729039833918529,2.389448340037865
1778595728.1236274,-5.326115665690141,-0.23164583343618678,2.3925889786571712
1778595730.0639691,-5.366684245616152,-0.19215472504385045,2.3931496883968673
1778595732.0042155,-5.406572380030217,-0.1518331571455247,2.3945209039932656
1778595734.055699,-5.44890796326359,-0.11036701493554367,2.399670169347886
1778595735.9961846,-5.49061162122657,-0.07144507242938078,2.401421977315497
1778595737.9241955,-5.530689247477595,-0.03682306212375454,2.405568159865675
1778595738.6983948,-5.534379923738697,-0.03829614215511625,2.5432806792700267
1778595739.348937,-5.533293337207664,-0.03559337884608674,2.7106765216260484
1778595739.9877863,-5.532596776094262,-0.03292770956254151,2.877495688988975
1778595740.6268551,-5.531774580075366,-0.03186337740492722,3.046131455419345
1778595741.2771785,-5.531410740219795,-0.031950732267969004,-3.0673912714182654
1778595741.9284253,-5.530710867966876,-0.03137461195430482,-2.8949477572210816
1778595742.567186,-5.530871945947062,-0.03179812309463681,-2.7256158695051083
1778595743.217746,-5.5308588488683466,-0.03189790553736035,-2.5531298925034687
1778595743.856795,-5.530190787033692,-0.032215279223122895,-2.384560083551707
1778595744.5073464,-5.528238542038213,-0.03189525695592824,-2.2110243678392663
1778595745.1460426,-5.5305944732611865,-0.033567274141580165,-2.042484171566931
1778595745.784933,-5.533300881135124,-0.03842984868507183,-1.872596783570296
1778595746.4365036,-5.533184402701784,-0.033617061688411255,-1.7063235617688042
1778595747.0741942,-5.531532556012471,-0.029141771381212978,-1.5355115390630063
1778595747.7255058,-5.529384267134753,-0.024550743061405367,-1.3628585810580391
1778595748.3645353,-5.525982406836975,-0.019601073828674355,-1.1888811388204905
1778595749.0150948,-5.518875232588413,-0.009368527503325695,-1.0127595608501103
1778595750.9430652,-5.5193509438034045,-0.014388282924754301,-0.8503714459927589
1778595752.871634,-5.5203375636202106,-0.016209696186789017,-0.8528679535050285
1778595754.5543242,-5.534011415604007,-0.028000132514190347,-0.7057546370833688
1778595755.1934276,-5.54020592388455,-0.033270984421418195,-0.5446605284186663
1778595755.8437023,-5.542638888910231,-0.03571587750992489,-0.3816910718561071
1778595756.4824457,-5.542332407004734,-0.036340715060374396,-0.21613607749591177
1778595757.1336792,-5.541681784304364,-0.037861280989833976,-0.04878145878529739
1778595757.7719374,-5.541352161695227,-0.03889470531290026,0.12254893573871158
1778595758.423879,-5.540929006923774,-0.04031224404737931,0.29114579126837764
1778595759.0738783,-5.539861581897654,-0.04141457637478612,0.45337733388574525
1778595759.712884,-5.539218721811524,-0.04196945851529644,0.6189267497478295
1778595760.3645387,-5.537835412771237,-0.041772543275165205,0.7850970195227391
1778595761.002408,-5.540780612743139,-0.043866970697477914,0.9501575636457147
1778595761.6533875,-5.541637360226679,-0.04304978510830826,1.1155809710863525
1778595762.2931983,-5.541521659363186,-0.041754258108613135,1.2788289359329785
1778595762.9428358,-5.540012643402623,-0.04264364437118954,1.4402957631928734
1778595763.5815415,-5.539652906679747,-0.04348491601911936,1.6005261087532852
1778595764.23299,-5.539737697343866,-0.044584491126835935,1.767148844670058
1778595764.8712814,-5.539941303933481,-0.04612076533763594,1.9330059573688587
1778595765.5226338,-5.539221918152486,-0.04875826918054087,2.098944599430066
1778595766.1610866,-5.537999456689785,-0.04915178010065307,2.2674471656990307
1778595766.8118296,-5.536239626767131,-0.05357765992795542,2.441904460552145
1778595768.7400436,-5.556371805915282,-0.01142226472028298,2.5743034965303964
1778595770.6804967,-5.606082563264317,0.030708340469902465,2.5796323390926075
1778595772.7440274,-5.658175330109832,0.07022170861258016,2.584519988516026
1778595774.8073633,-5.7172326827324165,0.11054853252903585,2.5951406602827096
1778595776.7482193,-5.769758046805111,0.14726587289715462,2.5928856533952804
1778595778.6889806,-5.812272141363821,0.17668908305048586,2.5913296536355177
1778595780.7520862,-5.84780732097948,0.19804286887929531,2.584003729952938
1778595782.6805162,-5.8843285473371845,0.2225126627051057,2.5790913561537114
1778595784.743827,-5.9378299481363745,0.26082111773794114,2.5683982316631297
1778595786.684525,-5.991509193474683,0.2954939409547684,2.5687889254248946
1778595788.7480907,-6.044047686501906,0.3273220058857552,2.621051835580376
1778595790.0252044,-6.065975440545141,0.3381438867409413,2.781970712416116
1778595791.4498732,-6.087099355228772,0.3443837893222706,2.9582729279681215
1778595792.8629985,-6.107103875963673,0.3459521442737255,3.1316647764308687
1778595794.274707,-6.127134016663956,0.34278123851742964,-2.973052374923826
1778595796.3380337,-6.172971276796803,0.3334931884661455,-2.857541779960791
1778595798.4013824,-6.231474469627911,0.31811287118502024,-2.856252768822991
1778595800.3297026,-6.286397915870199,0.3008438570945129,-2.8548585207186155
1778595802.3936098,-6.3452389519155945,0.2830439452233057,-2.849836547162761
1778595804.456906,-6.409513497336477,0.2658960742436169,-2.8489914271108674
1778595806.387138,-6.468187103170137,0.24899022877289728,-2.849626155148501
1778595808.4358945,-6.517014975808464,0.23410545284332407,-2.8550952212765903
1778595810.4993103,-6.555567588485686,0.2143585914127919,-2.726764501770321
1778595812.4290156,-6.591369389713793,0.18858815674839663,-2.5934511601229593
1778595814.491729,-6.642255625687358,0.15367189907943704,-2.599612606890292
1778595816.54242,-6.693311800146357,0.12065854239043526,-2.607568095557709
1778595818.335393,-6.7213392204404725,0.10065540454521338,-2.44955404904788
1778595819.748434,-6.737216566246903,0.0868674060080578,-2.2739421998303198
1778595821.1603854,-6.751739352580472,0.07323440648713124,-2.0948096308411515
1778595823.0769339,-6.7720749552910675,0.0364969620895792,-1.9947123147886117
1778595825.127939,-6.796074917402114,-0.01340458500062279,-1.9887538797497961
1778595827.1787257,-6.819255962196984,-0.06491864853696139,-1.995449515550877
1778595829.242205,-6.837880767887528,-0.1133008717116984,-1.9317191967200362
1778595830.5316565,-6.841990518226733,-0.13299713088482626,-1.7708377357030929
1778595832.5832708,-6.85162060671954,-0.1862944787903641,-1.7158935368653443
1778595834.6465578,-6.859924418866021,-0.2386762078961773,-1.715162216008976
1778595836.574707,-6.875130308633064,-0.27352241993447807,-1.6216822331921414
1778595837.9991188,-6.8788605587710245,-0.2907556906602589,-1.4412419172654096
1778595840.050563,-6.870543982458678,-0.3440007816248943,-1.399777836859026
1778595841.9910264,-6.860463363879304,-0.3999206793709582,-1.4006565943150204
1778595843.919838,-6.850386720859457,-0.44684056530217947,-1.4503706523469457
1778595845.8598566,-6.838475142766535,-0.49638502125263156,-1.4894191912225496
1778595847.7882879,-6.831933524204483,-0.5405406754650329,-1.3900442439780607
1778595849.851995,-6.831731290573423,-0.5773221316961767,-1.3515870312508742
1778595850.490306,-6.838054068518995,-0.5775957985266494,-1.174633722756989
1778595851.1414802,-6.8430870035393765,-0.5784447066182009,-1.0030667169649032
1778595851.7801716,-6.847503536228683,-0.5855614835060141,-0.8432076417661127
1778595852.4307642,-6.8476179502955405,-0.5923327988445445,-0.6783334736769555
1778595853.0695646,-6.843259868182123,-0.5987928396127032,-0.5083628074461461
1778595853.7210042,-6.831689464330834,-0.6091173065347392,-0.32770986873991
1778595855.1328793,-6.825176631024469,-0.6174184282377007,-0.1496437397339277
1778595856.8034065,-6.827403169689955,-0.6220901102717047,-0.29519818416353377
1778595857.4542112,-6.842664249898084,-0.6168577148862386,-0.4703136610109187
1778595858.0928605,-6.850174269700093,-0.612742610616171,-0.6438036628807472
1778595858.7444382,-6.85294352646952,-0.6084766192038749,-0.8126302615733002
1778595859.3842595,-6.850791759210384,-0.6044283868484365,-0.9855450358893335
1778595861.3114822,-6.818143805436437,-0.6429807765207185,-1.0046129754938455
1778595863.2521298,-6.786388852784262,-0.6905601544818768,-1.0053524117415744
1778595865.3026035,-6.754860922371265,-0.7407344116558033,-1.0049837118359408
1778595867.2433329,-6.729462497922223,-0.782138839159312,-1.0016014846486034
1778595869.2942855,-6.704470671359813,-0.8242882889968302,-1.004546969968015
1778595871.3575222,-6.674839166689228,-0.8712789136776886,-1.0068400320626187
1778595873.285815,-6.64129837663894,-0.9229054512663786,-1.0120942908063968
1778595875.2265286,-6.606816014843947,-0.9752485481360071,-1.0145216460938695
1778595877.2898574,-6.570441905128853,-1.0296222987319947,-1.0192716563398077
1778595879.2185407,-6.5344853229714985,-1.0825853530808904,-1.0179038802578535
1778595881.158813,-6.499523145825509,-1.1316036920547574,-1.0209834698573834
1778595883.0870903,-6.4650089955302885,-1.1798604668612414,-1.023110029038767
1778595885.0275037,-6.43142618287133,-1.225925245880372,-1.025278340775846
1778595886.9558325,-6.402397098440462,-1.2627832306186206,-1.0182520246349318
1778595888.8967776,-6.383686464178724,-1.2988027605261385,-0.9290825270302975
1778595890.8248878,-6.353600544239023,-1.3388802306570151,-0.9365816349571924
1778595892.9008086,-6.326778155296693,-1.3783943360677957,-0.8495869141033738
1778595894.828828,-6.2914191638382215,-1.4202861133860478,-0.8559346484266186
1778595896.8920834,-6.254334313547355,-1.463032486042455,-0.8619354004170424
1778595898.9555042,-6.217404235468368,-1.5033216379167882,-0.8707135345649877
1778595900.8839288,-6.179587992393471,-1.5439372169481016,-0.8754839387392648
1778595902.9473445,-6.13660690743829,-1.5879697617759085,-0.8840875016833427
1778595904.8880239,-6.09664806633361,-1.6348169211823718,-0.8883602751357778
1778595906.9512687,-6.055914461273308,-1.6904527932785094,-0.8914988286521307
1778595909.0030484,-6.0165959459912095,-1.7502513347128137,-0.8904996183086654
1778595910.9437108,-5.9906642711327,-1.8030966241987847,-0.9225402354017448
1778595912.2329466,-5.985362718186128,-1.8231652949814894,-1.0932290404733025
1778595913.6457753,-5.976135687601528,-1.832506462292351,-1.2699776251006596
1778595915.5856214,-5.957859948282942,-1.8674792468269419,-1.1689045526956603
1778595917.63737,-5.91469416469465,-1.9148968995266922,-1.1741269262181215
1778595919.7004075,-5.873000075605539,-1.9691368544506975,-1.1729945532966495
1778595921.7513235,-5.81707615806283,-2.0194353285836515,-1.1743185394224893
1778595923.0419505,-5.802041972731563,-2.0303300251069363,-1.0068461194757572
1778595923.6796994,-5.796601001844766,-2.024542095025653,-0.8357454745799452
1778595924.3306344,-5.795354696314076,-2.0263658890109375,-0.6597845845941313
1778595924.971308,-5.790127087700674,-2.0183205879130557,-0.4806978611760746
1778595925.6201355,-5.791307788581752,-2.0175375219720086,-0.3025240707846185
1778595926.2590775,-5.799944115078325,-2.021074064497625,-0.13137231266606197
1778595926.9103289,-5.82170884283453,-2.027341388140307,0.033388616192900074
1778595927.5483494,-5.836845259607395,-2.0337172378518606,0.20378182835313433
1778595928.1997943,-5.848190292024662,-2.033870765482013,0.37618750873646944
1778595928.8385475,-5.856185602084816,-2.031041563402092,0.5421708243539837
1778595929.489356,-5.86018825778029,-2.0306322467289384,0.7099274555446923
1778595930.1280115,-5.86365562058223,-2.031108205405974,0.8768059294188094
1778595930.768067,-5.867022427613512,-2.030510873104777,1.040362870541373
1778595931.4173577,-5.869823421728507,-2.029888292414277,1.206750512928777
1778595932.05587,-5.871840923149929,-2.028768557471022,1.3677110125931466
1778595932.7072334,-5.872251400744205,-2.0288720297435376,1.5359386136426965
1778595933.345752,-5.8714449223914995,-2.0318355123776652,1.7004299710069357
1778595933.9968357,-5.870752402268725,-2.0373904183743834,1.8678314181208722
1778595934.6357698,-5.872289467582717,-2.0445016973763885,2.0346334252386096
1778595935.2862406,-5.874145874994594,-2.0507641147386866,2.2079624279058345
1778595937.214642,-5.876344206726664,-2.0505160038934607,2.3699535298772862
1778595939.1551743,-5.877289991434975,-2.0490751989602782,2.371539631701175
1778595941.0832798,-5.875364644854736,-2.046657960310044,2.372323370408184
